title,link,snippet
Index of /backup,https://thetimechanger.com/backup/,No snippet
Index of /backup/,https://www.watchmarkaz.com.pk/backup/,No snippet
Index of /backup,https://www.hpfb.org/backup/,No snippet
Index of /backup,https://rfslogistica.com/backup/,No snippet
Index of /backup/123Mediagallery1314/Reci/,http://vatsalyainternational.org/backup/123Mediagallery1314/Reci/,No snippet
Index of /backup,https://www.cleardeals.co.in/backup/,No snippet
Index of /backup,http://id.erm-academy.org/backup/,No snippet
Index of /backup/,https://www.mycornerstonetx.com/backup/,No snippet
Index of /backup,https://www.garrahan.edu.ar/backup/,No snippet
Index of /backup,https://lms.ugr.ac.id/backup/,No snippet
Index of /member/assets/backup,https://www.bocawestcc.org/member/assets/backup/,No snippet
Index of /backup-22-06-14,http://95.110.169.195/backup-22-06-14/,No snippet
Index of /backup,https://www2.ascensionkettering.org/backup/,No snippet
Index of /backup,https://w.pidc.edu.my/backup/,No snippet
Index of /backup/media,https://www.hotspot.com.ng/backup/media/,No snippet
Index of /backup/files/file,https://www.winnergroup.co.th/backup/files/file/,No snippet
Index of /css/Backup,https://www.hubdrive.com/css/Backup/,No snippet
of /backup,https://wsr.imagej.net/backup/,No snippet
Index of /Backup-8Sep23/,https://www.nswnma.asn.au/Backup-8Sep23/?MA,No snippet
Index of /backup/cc,https://frl.olivierdelhaye.eu/backup/cc/,No snippet
Index of /backup,https://thetimechanger.com/backup/,No snippet
Index of /backup/,https://www.watchmarkaz.com.pk/backup/,No snippet
Index of /backup,https://www.hpfb.org/backup/,No snippet
Index of /backup,https://rfslogistica.com/backup/,No snippet
Index of /backup,http://id.erm-academy.org/backup/,No snippet
Index of /backup,https://www.garrahan.edu.ar/backup/,No snippet
Index of /backup,https://www.cleardeals.co.in/backup/,No snippet
Index of /backup,https://w.pidc.edu.my/backup/,No snippet
Index of /backup,https://lms.ugr.ac.id/backup/,No snippet
Index of /backup/,https://www.mycornerstonetx.com/backup/,No snippet
File Indexing - Commvault Documentation,https://documentation.commvault.com/11.24/essential/file_indexing.html,
"Backup vs. Back Up, Failover vs. Fail Over, Failback vs. Fail Back",https://helpcenter.veeam.com/docs/styleguide/tw/backup_failover_failback.html,
Index of /backup,https://www2.ascensionkettering.org/backup/,No snippet
Index of /css/Backup,https://www.hubdrive.com/css/Backup/,No snippet
Index of /backup-22-06-14,http://95.110.169.195/backup-22-06-14/,No snippet
Index of /backup/123Mediagallery1314/Reci/,http://vatsalyainternational.org/backup/123Mediagallery1314/Reci/,No snippet
Index of /member/assets/backup,https://www.bocawestcc.org/member/assets/backup/,No snippet
Index of /backup/media,https://www.hotspot.com.ng/backup/media/,No snippet
Index of /backup/files/file,https://www.winnergroup.co.th/backup/files/file/,No snippet
of /backup,https://geo.lib.umn.edu/backup/,No snippet
Index of /its/email/BACKUP,https://www.siue.edu/its/email/BACKUP/,No snippet
Index of /Backup-8Sep23/,https://www.nswnma.asn.au/Backup-8Sep23/?MA,No snippet
Index of /Backup,https://mail.p4pproto.sites.gettysburg.edu/Backup/,No snippet
Index of /backup/cc,https://frl.olivierdelhaye.eu/backup/cc/,No snippet
Index of /OLD Backup,https://smilesbybis.com/OLD%20Backup/,No snippet
Index of /backup,http://scorpius.caltech.edu/backup/,No snippet
of /backup,https://wsr.imagej.net/backup/,No snippet
Index of /backup,http://adexsolar.com/backup/,No snippet
Index of /concrete/src/Backup,https://www.elysium-hotel.com/concrete/src/Backup/,No snippet
Index of /php/backup,https://iiitkalyani.ac.in/php/backup/,No snippet
Index of /backup,http://clientsupport.gfi.com/backup/,No snippet
Index of /backup - Ausagro Seeds,http://ausagroseeds.com.au/backup/,No snippet
Index of /Courses/BACKUP/XML,http://www.stat.yale.edu/Courses/BACKUP/XML/,No snippet
Index of /Documents/backup,https://psec.uchicago.edu/Documents/backup/,No snippet
Index of /backup,https://cursosenlinea.scjn.gob.mx/backup/,No snippet
Index of /backup/util/xml,http://www.ead.ufes.br/backup/util/xml/,No snippet
Index of /backup,https://ecampus.acsilat.org/backup/,No snippet
Index of /images/backup,https://www.msupply.org.nz/images/backup/,No snippet
Index of /Backup/,https://www.nta.or.ke/Backup/,No snippet
Index of /blog/backup,https://www.dbametrix.com/blog/backup/,No snippet
Index of /rchc/Top Folder/Backup Files,http://www.personal.soton.ac.uk/rchc/Top%20Folder/Backup%20Files/,No snippet
Index of /backup/cc/includes,https://www.garrahan.edu.ar/backup/cc/includes/,No snippet
Index of /backup/cc/includes,https://frl.olivierdelhaye.eu/backup/cc/includes/,No snippet
Index of /blog/concrete/src/Backup,https://irishdeedsindex.net/blog/concrete/src/Backup/,No snippet
Index of /new/css/backup,https://www.spc.noaa.gov/new/css/backup/,No snippet
Index of /backup/cc/includes,https://www.desatqu.org/backup/cc/includes/,No snippet
Index of /pub,https://www.cs.toronto.edu/pub/,No snippet
of /pub/rpms/lustre18/5/x86_64/backup,http://ftp.cs.stanford.edu/pub/rpms/lustre18/5/x86_64/backup/,No snippet
Index of /backup-1418567760-wp-includes/Text,https://feegi.org/backup-1418567760-wp-includes/Text/,No snippet
Index of /Courses/BACKUP/XML/backup,http://www.stat.yale.edu/Courses/BACKUP/XML/backup/,No snippet
Index of /website-backup,https://geecl.com/website-backup/,No snippet
Index of /html-template-backup,http://bone.mcgill.ca/html-template-backup/?C=M;O=A,No snippet
Index of /wp-content/upgrade-temp-backup,https://kmfk.unbrah.ac.id/wp-content/upgrade-temp-backup/,No snippet
Index of /backup/util/plan,https://ecampus.acsilat.org/backup/util/plan/,No snippet
Index of /pub/txdot-info/phr/specinfo/backup,https://ftp.txdot.gov/pub/txdot-info/phr/specinfo/backup/,No snippet
Index of /backup,https://tellurideartandarchitecture.com/backup/,No snippet
Index of /backup,https://do.kart.edu.ua/backup/,No snippet
Index of /concrete/single_pages/dashboard/system/backup,https://www.elysium-hotel.com/concrete/single_pages/dashboard/system/backup/,No snippet
Index of /wp/wp-content/upgrade-temp-backup,https://www.suerf.org/wp-content/upgrade-temp-backup/,No snippet
Index of /backup/,https://www.baued.org/backup/,No snippet
Index of /~palandri/MS/!PAL/Loader/BACKUP,https://pages.uoregon.edu/palandri/MS/!PAL/Loader/BACKUP/,No snippet
Index of /backup,https://www.theseacreative.com/backup/,No snippet
